Team1,Team2,Rounds,Stadium,City,Time,Day,Month,Year,Score1,Score2,Remarks
Russia,Saudi Arabia,Group Phase,Luzhniki Stadium,Moscow,18:00,14,6,2018,5,0,
Egypt,Uruguay,Group Phase,Ekaterinburg Arena,Ekaterinburg,17:00,15,6,2018,0,1,
Morocco,IR Iran,Group Phase,Saint Petersburg Stadium,St. Petersburg,18:00,15,6,2018,0,1,
Portugal,Spain,Group Phase,Fisht Stadium,Sochi,21:00,15,6,2018,3,3,{WinTeamName} win on aggregate after regular time ({ScoreAggH} - {ScoreAggA}) {WinTeamCountry} Win on agg. {WinTeamName} win on aggregate after extra time ({ScoreAggH} - {ScoreAggA}) {WinTeamCountryCode} win on agg AET {WinTeamName} win on away goal after regular time {WinTeamCountry} win on away goals {WinTeamName} win on away goal after extra time {WinTeamCountry} win on away goals AET {WinTeamName} win after extra time {WinTeamCountryCode} win AET Win on Golden Goal Win by Golden Goal   {WinTeamName} win on penalties ({ScorePenH} - {ScorePenA}) {WinTeamCountryCode} win after PSO Win by Silver Goal Win by Silver Goal
France,Australia,Group Phase,Kazan Arena,Kazan,13:00,16,6,2018,2,1,
Argentina,Iceland,Group Phase,Spartak Stadium,Moscow,16:00,16,6,2018,1,1,{WinTeamName} win on aggregate after regular time ({ScoreAggH} - {ScoreAggA}) {WinTeamCountry} Win on agg. {WinTeamName} win on aggregate after extra time ({ScoreAggH} - {ScoreAggA}) {WinTeamCountryCode} win on agg AET {WinTeamName} win on away goal after regular time {WinTeamCountry} win on away goals {WinTeamName} win on away goal after extra time {WinTeamCountry} win on away goals AET {WinTeamName} win after extra time {WinTeamCountryCode} win AET Win on Golden Goal Win by Golden Goal   {WinTeamName} win on penalties ({ScorePenH} - {ScorePenA}) {WinTeamCountryCode} win after PSO Win by Silver Goal Win by Silver Goal
Peru,Denmark,Group Phase,Mordovia Arena,Saransk,19:00,16,6,2018,0,1,
Croatia,Nigeria,Group Phase,Kaliningrad Stadium,Kaliningrad,21:00,16,6,2018,2,0,
Costa Rica,Serbia,Group Phase,Samara Arena,Samara,16:00,17,6,2018,0,1,
Germany,Mexico,Group Phase,Luzhniki Stadium,Moscow,18:00,17,6,2018,0,1,
Brazil,Switzerland,Group Phase,Rostov Arena,Rostov-On-Don,21:00,17,6,2018,1,1,{WinTeamName} win on aggregate after regular time ({ScoreAggH} - {ScoreAggA}) {WinTeamCountry} Win on agg. {WinTeamName} win on aggregate after extra time ({ScoreAggH} - {ScoreAggA}) {WinTeamCountryCode} win on agg AET {WinTeamName} win on away goal after regular time {WinTeamCountry} win on away goals {WinTeamName} win on away goal after extra time {WinTeamCountry} win on away goals AET {WinTeamName} win after extra time {WinTeamCountryCode} win AET Win on Golden Goal Win by Golden Goal   {WinTeamName} win on penalties ({ScorePenH} - {ScorePenA}) {WinTeamCountryCode} win after PSO Win by Silver Goal Win by Silver Goal
Sweden,Korea Republic,Group Phase,Nizhny Novgorod Stadium,Nizhny Novgorod,15:00,18,6,2018,1,0,
Belgium,Panama,Group Phase,Fisht Stadium,Sochi,18:00,18,6,2018,3,0,
Tunisia,England,Group Phase,Volgograd Arena,Volgograd,21:00,18,6,2018,1,2,
Colombia,Japan,Group Phase,Mordovia Arena,Saransk,15:00,19,6,2018,1,2,
Poland,Senegal,Group Phase,Spartak Stadium,Moscow,18:00,19,6,2018,1,2,
Russia,Egypt,Group Phase,Saint Petersburg Stadium,St. Petersburg,21:00,19,6,2018,3,1,
Portugal,Morocco,Group Phase,Luzhniki Stadium,Moscow,15:00,20,6,2018,1,0,
Uruguay,Saudi Arabia,Group Phase,Rostov Arena,Rostov-On-Don,18:00,20,6,2018,1,0,
IR Iran,Spain,Group Phase,Kazan Arena,Kazan,21:00,20,6,2018,0,1,
Denmark,Australia,Group Phase,Samara Arena,Samara,16:00,21,6,2018,1,1,{WinTeamName} win on aggregate after regular time ({ScoreAggH} - {ScoreAggA}) {WinTeamCountry} Win on agg. {WinTeamName} win on aggregate after extra time ({ScoreAggH} - {ScoreAggA}) {WinTeamCountryCode} win on agg AET {WinTeamName} win on away goal after regular time {WinTeamCountry} win on away goals {WinTeamName} win on away goal after extra time {WinTeamCountry} win on away goals AET {WinTeamName} win after extra time {WinTeamCountryCode} win AET Win on Golden Goal Win by Golden Goal   {WinTeamName} win on penalties ({ScorePenH} - {ScorePenA}) {WinTeamCountryCode} win after PSO Win by Silver Goal Win by Silver Goal
France,Peru,Group Phase,Ekaterinburg Arena,Ekaterinburg,20:00,21,6,2018,1,0,
Argentina,Croatia,Group Phase,Nizhny Novgorod Stadium,Nizhny Novgorod,21:00,21,6,2018,0,3,
Brazil,Costa Rica,Group Phase,Saint Petersburg Stadium,St. Petersburg,15:00,22,6,2018,2,0,
Nigeria,Iceland,Group Phase,Volgograd Arena,Volgograd,18:00,22,6,2018,2,0,
Serbia,Switzerland,Group Phase,Kaliningrad Stadium,Kaliningrad,20:00,22,6,2018,1,2,
Belgium,Tunisia,Group Phase,Spartak Stadium,Moscow,15:00,23,6,2018,5,2,
Korea Republic,Mexico,Group Phase,Rostov Arena,Rostov-On-Don,18:00,23,6,2018,1,2,
Germany,Sweden,Group Phase,Fisht Stadium,Sochi,21:00,23,6,2018,2,1,
England,Panama,Group Phase,Nizhny Novgorod Stadium,Nizhny Novgorod,15:00,24,6,2018,6,1,
Japan,Senegal,Group Phase,Ekaterinburg Arena,Ekaterinburg,20:00,24,6,2018,2,2,{WinTeamName} win on aggregate after regular time ({ScoreAggH} - {ScoreAggA}) {WinTeamCountry} Win on agg. {WinTeamName} win on aggregate after extra time ({ScoreAggH} - {ScoreAggA}) {WinTeamCountryCode} win on agg AET {WinTeamName} win on away goal after regular time {WinTeamCountry} win on away goals {WinTeamName} win on away goal after extra time {WinTeamCountry} win on away goals AET {WinTeamName} win after extra time {WinTeamCountryCode} win AET Win on Golden Goal Win by Golden Goal   {WinTeamName} win on penalties ({ScorePenH} - {ScorePenA}) {WinTeamCountryCode} win after PSO Win by Silver Goal Win by Silver Goal
Poland,Colombia,Group Phase,Kazan Arena,Kazan,21:00,24,6,2018,0,3,
Uruguay,Russia,Group Phase,Samara Arena,Samara,18:00,25,6,2018,3,0,
Saudi Arabia,Egypt,Group Phase,Volgograd Arena,Volgograd,17:00,25,6,2018,2,1,
Spain,Morocco,Group Phase,Kaliningrad Stadium,Kaliningrad,20:00,25,6,2018,2,2,{WinTeamName} win on aggregate after regular time ({ScoreAggH} - {ScoreAggA}) {WinTeamCountry} Win on agg. {WinTeamName} win on aggregate after extra time ({ScoreAggH} - {ScoreAggA}) {WinTeamCountryCode} win on agg AET {WinTeamName} win on away goal after regular time {WinTeamCountry} win on away goals {WinTeamName} win on away goal after extra time {WinTeamCountry} win on away goals AET {WinTeamName} win after extra time {WinTeamCountryCode} win AET Win on Golden Goal Win by Golden Goal   {WinTeamName} win on penalties ({ScorePenH} - {ScorePenA}) {WinTeamCountryCode} win after PSO Win by Silver Goal Win by Silver Goal
IR Iran,Portugal,Group Phase,Mordovia Arena,Saransk,21:00,25,6,2018,1,1,{WinTeamName} win on aggregate after regular time ({ScoreAggH} - {ScoreAggA}) {WinTeamCountry} Win on agg. {WinTeamName} win on aggregate after extra time ({ScoreAggH} - {ScoreAggA}) {WinTeamCountryCode} win on agg AET {WinTeamName} win on away goal after regular time {WinTeamCountry} win on away goals {WinTeamName} win on away goal after extra time {WinTeamCountry} win on away goals AET {WinTeamName} win after extra time {WinTeamCountryCode} win AET Win on Golden Goal Win by Golden Goal   {WinTeamName} win on penalties ({ScorePenH} - {ScorePenA}) {WinTeamCountryCode} win after PSO Win by Silver Goal Win by Silver Goal
Australia,Peru,Group Phase,Fisht Stadium,Sochi,17:00,26,6,2018,0,2,
Denmark,France,Group Phase,Luzhniki Stadium,Moscow,17:00,26,6,2018,0,0,{WinTeamName} win on aggregate after regular time ({ScoreAggH} - {ScoreAggA}) {WinTeamCountry} Win on agg. {WinTeamName} win on aggregate after extra time ({ScoreAggH} - {ScoreAggA}) {WinTeamCountryCode} win on agg AET {WinTeamName} win on away goal after regular time {WinTeamCountry} win on away goals {WinTeamName} win on away goal after extra time {WinTeamCountry} win on away goals AET {WinTeamName} win after extra time {WinTeamCountryCode} win AET Win on Golden Goal Win by Golden Goal   {WinTeamName} win on penalties ({ScorePenH} - {ScorePenA}) {WinTeamCountryCode} win after PSO Win by Silver Goal Win by Silver Goal
Nigeria,Argentina,Group Phase,Saint Petersburg Stadium,St. Petersburg,21:00,26,6,2018,1,2,
Iceland,Croatia,Group Phase,Rostov Arena,Rostov-On-Don,21:00,26,6,2018,1,2,
Korea Republic,Germany,Group Phase,Kazan Arena,Kazan,17:00,27,6,2018,2,0,
Mexico,Sweden,Group Phase,Ekaterinburg Arena,Ekaterinburg,19:00,27,6,2018,0,3,
Serbia,Brazil,Group Phase,Spartak Stadium,Moscow,21:00,27,6,2018,0,2,
Switzerland,Costa Rica,Group Phase,Nizhny Novgorod Stadium,Nizhny Novgorod,21:00,27,6,2018,2,2,{WinTeamName} win on aggregate after regular time ({ScoreAggH} - {ScoreAggA}) {WinTeamCountry} Win on agg. {WinTeamName} win on aggregate after extra time ({ScoreAggH} - {ScoreAggA}) {WinTeamCountryCode} win on agg AET {WinTeamName} win on away goal after regular time {WinTeamCountry} win on away goals {WinTeamName} win on away goal after extra time {WinTeamCountry} win on away goals AET {WinTeamName} win after extra time {WinTeamCountryCode} win AET Win on Golden Goal Win by Golden Goal   {WinTeamName} win on penalties ({ScorePenH} - {ScorePenA}) {WinTeamCountryCode} win after PSO Win by Silver Goal Win by Silver Goal
Japan,Poland,Group Phase,Volgograd Arena,Volgograd,17:00,28,6,2018,0,1,
Senegal,Colombia,Group Phase,Samara Arena,Samara,18:00,28,6,2018,0,1,
Panama,Tunisia,Group Phase,Mordovia Arena,Saransk,21:00,28,6,2018,1,2,
England,Belgium,Group Phase,Kaliningrad Stadium,Kaliningrad,20:00,28,6,2018,0,1,
France,Argentina,Round of 16,Kazan Arena,Kazan,17:00,30,6,2018,4,3,
Uruguay,Portugal,Round of 16,Fisht Stadium,Sochi,21:00,30,6,2018,2,1,
Spain,Russia,Round of 16,Luzhniki Stadium,Moscow,17:00,1,7,2018,1,1,Russia win on penalties (3 - 4) RUS win after PSO
Croatia,Denmark,Round of 16,Nizhny Novgorod Stadium,Nizhny Novgorod,21:00,1,7,2018,1,1,Croatia win on penalties (3 - 2) CRO win after PSO
Brazil,Mexico,Round of 16,Samara Arena,Samara,18:00,2,7,2018,2,0,
Belgium,Japan,Round of 16,Rostov Arena,Rostov-On-Don,21:00,2,7,2018,3,2,
Sweden,Switzerland,Round of 16,Saint Petersburg Stadium,St. Petersburg,17:00,3,7,2018,1,0,
Colombia,England,Round of 16,Spartak Stadium,Moscow,21:00,3,7,2018,1,1,England win on penalties (3 - 4) ENG win after PSO
Uruguay,France,Quarter Finals,Nizhny Novgorod Stadium,Nizhny Novgorod,17:00,6,7,2018,0,2,
Brazil,Belgium,Quarter Finals,Kazan Arena,Kazan,21:00,6,7,2018,1,2,
Sweden,England,Quarter Finals,Samara Arena,Samara,18:00,7,7,2018,0,2,
Russia,Croatia,Quarter Finals,Fisht Stadium,Sochi,21:00,7,7,2018,2,2,Croatia win on penalties (3 - 4) CRO win after PSO
France,Belgium,Semi Finals,Saint Petersburg Stadium,St. Petersburg,21:00,10,7,2018,1,0,
Croatia,England,Semi Finals,Luzhniki Stadium,Moscow,21:00,11,7,2018,2,1,Croatia win after extra time CRO win AET
Belgium,England,Play-off for third place,Saint Petersburg Stadium,St. Petersburg,17:00,14,7,2018,2,0,
France,Croatia,Finals,Luzhniki Stadium,Moscow,18:00,15,7,2018,4,2,
Brazil,Croatia,Group Phase,Arena de Sao Paulo,Sao Paulo,17:00,12,6,2014,3,1,
Mexico,Cameroon,Group Phase,Estadio das Dunas,Natal,13:00,13,6,2014,1,0,
Spain,Netherlands,Group Phase,Arena Fonte Nova,Salvador,16:00,13,6,2014,1,5,
Chile,Australia,Group Phase,Arena Pantanal,Cuiaba,18:00,13,6,2014,3,1,
Colombia,Greece,Group Phase,Estadio Mineirao,Belo Horizonte,13:00,14,6,2014,3,0,
Uruguay,Costa Rica,Group Phase,Estadio Castelao,Fortaleza,16:00,14,6,2014,1,3,
England,Italy,Group Phase,Arena Amazonia,Manaus,18:00,14,6,2014,1,2,
Côte d'Ivoire,Japan,Group Phase,Arena Pernambuco,Recife,22:00,14,6,2014,2,1,
Switzerland,Ecuador,Group Phase,Estadio Nacional,Brasilia,13:00,15,6,2014,2,1,
France,Honduras,Group Phase,Estadio Beira-Rio,Porto Alegre,16:00,15,6,2014,3,0,
Argentina,Bosnia and Herzegovina,Group Phase,Estadio do Maracana,Rio De Janeiro,19:00,15,6,2014,2,1,
Germany,Portugal,Group Phase,Arena Fonte Nova,Salvador,13:00,16,6,2014,4,0,
IR Iran,Nigeria,Group Phase,Arena da Baixada,Curitiba,16:00,16,6,2014,0,0,
Ghana,USA,Group Phase,Estadio das Dunas,Natal,19:00,16,6,2014,1,2,
Belgium,Algeria,Group Phase,Estadio Mineirao,Belo Horizonte,13:00,17,6,2014,2,1,
Brazil,Mexico,Group Phase,Estadio Castelao,Fortaleza,16:00,17,6,2014,0,0,
Russia,Korea Republic,Group Phase,Arena Pantanal,Cuiaba,18:00,17,6,2014,1,1,
Australia,Netherlands,Group Phase,Estadio Beira-Rio,Porto Alegre,13:00,18,6,2014,2,3,
Spain,Chile,Group Phase,Estadio do Maracana,Rio De Janeiro,16:00,18,6,2014,0,2,
Cameroon,Croatia,Group Phase,Arena Amazonia,Manaus,18:00,18,6,2014,0,4,
Colombia,Côte d'Ivoire,Group Phase,Estadio Nacional,Brasilia,13:00,19,6,2014,2,1,
Uruguay,England,Group Phase,Arena de Sao Paulo,Sao Paulo,16:00,19,6,2014,2,1,
Japan,Greece,Group Phase,Estadio das Dunas,Natal,19:00,19,6,2014,0,0,
Italy,Costa Rica,Group Phase,Arena Pernambuco,Recife,13:00,20,6,2014,0,1,
Switzerland,France,Group Phase,Arena Fonte Nova,Salvador,16:00,20,6,2014,2,5,
Honduras,Ecuador,Group Phase,Arena da Baixada,Curitiba,19:00,20,6,2014,1,2,
Argentina,IR Iran,Group Phase,Estadio Mineirao,Belo Horizonte,13:00,21,6,2014,1,0,
Germany,Ghana,Group Phase,Estadio Castelao,Fortaleza,16:00,21,6,2014,2,2,
Nigeria,Bosnia and Herzegovina,Group Phase,Arena Pantanal,Cuiaba,18:00,21,6,2014,1,0,
Belgium,Russia,Group Phase,Estadio do Maracana,Rio De Janeiro,13:00,22,6,2014,1,0,
Korea Republic,Algeria,Group Phase,Estadio Beira-Rio,Porto Alegre,16:00,22,6,2014,2,4,
USA,Portugal,Group Phase,Arena Amazonia,Manaus,18:00,22,6,2014,2,2,
Australia,Spain,Group Phase,Arena da Baixada,Curitiba,13:00,23,6,2014,0,3,
Netherlands,Chile,Group Phase,Arena de Sao Paulo,Sao Paulo,13:00,23,6,2014,2,0,
Cameroon,Brazil,Group Phase,Estadio Nacional,Brasilia,17:00,23,6,2014,1,4,
Croatia,Mexico,Group Phase,Arena Pernambuco,Recife,17:00,23,6,2014,1,3,
Italy,Uruguay,Group Phase,Estadio das Dunas,Natal,13:00,24,6,2014,0,1,
Costa Rica,England,Group Phase,Estadio Mineirao,Belo Horizonte,13:00,24,6,2014,0,0,
Japan,Colombia,Group Phase,Arena Pantanal,Cuiaba,16:00,24,6,2014,1,4,
Greece,Côte d'Ivoire,Group Phase,Estadio Castelao,Fortaleza,17:00,24,6,2014,2,1,
Nigeria,Argentina,Group Phase,Estadio Beira-Rio,Porto Alegre,13:00,25,6,2014,2,3,
Bosnia and Herzegovina,IR Iran,Group Phase,Arena Fonte Nova,Salvador,13:00,25,6,2014,3,1,
Honduras,Switzerland,Group Phase,Arena Amazonia,Manaus,16:00,25,6,2014,0,3,
Ecuador,France,Group Phase,Estadio do Maracana,Rio De Janeiro,17:00,25,6,2014,0,0,
USA,Germany,Group Phase,Arena Pernambuco,Recife,13:00,26,6,2014,0,1,
Portugal,Ghana,Group Phase,Estadio Nacional,Brasilia,13:00,26,6,2014,2,1,
Korea Republic,Belgium,Group Phase,Arena de Sao Paulo,Sao Paulo,17:00,26,6,2014,0,1,
Algeria,Russia,Group Phase,Arena da Baixada,Curitiba,17:00,26,6,2014,1,1,
Brazil,Chile,Round of 16,Estadio Mineirao,Belo Horizonte,13:00,28,6,2014,1,1,Brazil win on penalties (3 - 2)
Colombia,Uruguay,Round of 16,Estadio do Maracana,Rio De Janeiro,17:00,28,6,2014,2,0,
France,Nigeria,Round of 16,Estadio Nacional,Brasilia,13:00,30,6,2014,2,0,
Germany,Algeria,Round of 16,Estadio Beira-Rio,Porto Alegre,17:00,30,6,2014,2,1,Germany win after extra time
Brazil,Colombia,Quarter Finals,Estadio Castelao,Fortaleza,17:00,4,7,2014,2,1,
France,Germany,Quarter Finals,Estadio do Maracana,Rio De Janeiro,13:00,4,7,2014,0,1,
Brazil,Germany,Semi Finals,Estadio Mineirao,Belo Horizonte,17:00,8,7,2014,1,7,
Brazil,Netherlands,Play-off for third place,Estadio Nacional,Brasilia,17:00,12,7,2014,0,3,
Germany,Argentina,Finals,Estadio do Maracana,Rio De Janeiro,16:00,13,7,2014,1,0,Germany win after extra time
Netherlands,Argentina,Semi Finals,Arena de Sao Paulo,Sao Paulo,17:00,9,7,2014,0,0,Argentina win on penalties (2 - 4)
Netherlands,Costa Rica,Quarter Finals,Arena Fonte Nova,Salvador,17:00,5,7,2014,0,0,Netherlands win on penalties (4 - 3)
Argentina,Belgium,Quarter Finals,Estadio Nacional,Brasilia,13:00,5,7,2014,1,0,
Netherlands,Mexico,Round of 16,Estadio Castelao,Fortaleza,13:00,29,6,2014,2,1,
Costa Rica,Greece,Round of 16,Arena Pernambuco,Recife,17:00,29,6,2014,1,1,Costa Rica win on penalties (5 - 3)
Argentina,Switzerland,Round of 16,Arena de Sao Paulo,Sao Paulo,13:00,1,7,2014,1,0,Argentina win after extra time
Belgium,USA,Round of 16,Arena Fonte Nova,Salvador,17:00,1,7,2014,2,1,Belgium win after extra time
South Africa,Mexico,Group Phase,Soccer City Stadium,Johannesburg,16:00,11,6,2010,1,1,
Uruguay,France,Group Phase,Cape Town Stadium,Cape Town,20:30,11,6,2010,0,0,
Korea Republic,Greece,Group Phase,Port Elizabeth Stadium,Nelson Mandela Bay/Port Elizabeth,13:30,12,6,2010,2,0,
Argentina,Nigeria,Group Phase,Ellis Park Stadium,Johannesburg,16:00,12,6,2010,1,0,
England,USA,Group Phase,Royal Bafokeng Sports Palace,Phokeng,20:30,12,6,2010,1,1,
Algeria,Slovenia,Group Phase,Peter Mokaba Stadium,Polokwane,13:30,13,6,2010,0,1,
Serbia,Ghana,Group Phase,Loftus Versfeld Stadium,Tshwane/Pretoria,16:00,13,6,2010,0,1,
Germany,Australia,Group Phase,Durban Stadium,Durban,20:30,13,6,2010,4,0,
Netherlands,Denmark,Group Phase,Soccer City Stadium,Johannesburg,13:30,14,6,2010,2,0,
Japan,Cameroon,Group Phase,Free State Stadium,Mangaung/Bloemfontein,16:00,14,6,2010,1,0,
Italy,Paraguay,Group Phase,Cape Town Stadium,Cape Town,20:30,14,6,2010,1,1,
New Zealand,Slovakia,Group Phase,Royal Bafokeng Sports Palace,Phokeng,13:30,15,6,2010,1,1,
Côte d'Ivoire,Portugal,Group Phase,Port Elizabeth Stadium,Nelson Mandela Bay/Port Elizabeth,16:00,15,6,2010,0,0,
Brazil,Korea DPR,Group Phase,Ellis Park Stadium,Johannesburg,20:30,15,6,2010,2,1,
Honduras,Chile,Group Phase,Mbombela Stadium,Nelspruit,13:30,16,6,2010,0,1,
Spain,Switzerland,Group Phase,Durban Stadium,Durban,16:00,16,6,2010,0,1,
South Africa,Uruguay,Group Phase,Loftus Versfeld Stadium,Tshwane/Pretoria,20:30,16,6,2010,0,3,
Argentina,Korea Republic,Group Phase,Soccer City Stadium,Johannesburg,13:30,17,6,2010,4,1,
Greece,Nigeria,Group Phase,Free State Stadium,Mangaung/Bloemfontein,16:00,17,6,2010,2,1,
France,Mexico,Group Phase,Peter Mokaba Stadium,Polokwane,20:30,17,6,2010,0,2,
Germany,Serbia,Group Phase,Port Elizabeth Stadium,Nelson Mandela Bay/Port Elizabeth,13:30,18,6,2010,0,1,
Slovenia,USA,Group Phase,Ellis Park Stadium,Johannesburg,16:00,18,6,2010,2,2,
England,Algeria,Group Phase,Cape Town Stadium,Cape Town,20:30,18,6,2010,0,0,
Netherlands,Japan,Group Phase,Durban Stadium,Durban,13:30,19,6,2010,1,0,
Ghana,Australia,Group Phase,Royal Bafokeng Sports Palace,Phokeng,16:00,19,6,2010,1,1,
Cameroon,Denmark,Group Phase,Loftus Versfeld Stadium,Tshwane/Pretoria,20:30,19,6,2010,1,2,
Slovakia,Paraguay,Group Phase,Free State Stadium,Mangaung/Bloemfontein,13:30,20,6,2010,0,2,
Italy,New Zealand,Group Phase,Mbombela Stadium,Nelspruit,16:00,20,6,2010,1,1,
Brazil,Côte d'Ivoire,Group Phase,Soccer City Stadium,Johannesburg,20:30,20,6,2010,3,1,
Portugal,Korea DPR,Group Phase,Cape Town Stadium,Cape Town,13:30,21,6,2010,7,0,
Chile,Switzerland,Group Phase,Port Elizabeth Stadium,Nelson Mandela Bay/Port Elizabeth,16:00,21,6,2010,1,0,
Spain,Honduras,Group Phase,Ellis Park Stadium,Johannesburg,20:30,21,6,2010,2,0,
Mexico,Uruguay,Group Phase,Royal Bafokeng Sports Palace,Phokeng,16:00,22,6,2010,0,1,
France,South Africa,Group Phase,Free State Stadium,Mangaung/Bloemfontein,16:00,22,6,2010,1,2,
Nigeria,Korea Republic,Group Phase,Durban Stadium,Durban,20:30,22,6,2010,2,2,
Greece,Argentina,Group Phase,Peter Mokaba Stadium,Polokwane,20:30,22,6,2010,0,2,
Slovenia,England,Group Phase,Port Elizabeth Stadium,Nelson Mandela Bay/Port Elizabeth,16:00,23,6,2010,0,1,
USA,Algeria,Group Phase,Loftus Versfeld Stadium,Tshwane/Pretoria,16:00,23,6,2010,1,0,
Ghana,Germany,Group Phase,Soccer City Stadium,Johannesburg,20:30,23,6,2010,0,1,
Australia,Serbia,Group Phase,Mbombela Stadium,Nelspruit,20:30,23,6,2010,2,1,
Slovakia,Italy,Group Phase,Ellis Park Stadium,Johannesburg,16:00,24,6,2010,3,2,
Paraguay,New Zealand,Group Phase,Peter Mokaba Stadium,Polokwane,16:00,24,6,2010,0,0,
Denmark,Japan,Group Phase,Royal Bafokeng Sports Palace,Phokeng,20:30,24,6,2010,1,3,
Cameroon,Netherlands,Group Phase,Cape Town Stadium,Cape Town,20:30,24,6,2010,1,2,
Portugal,Brazil,Group Phase,Durban Stadium,Durban,16:00,25,6,2010,0,0,
Korea DPR,Côte d'Ivoire,Group Phase,Mbombela Stadium,Nelspruit,16:00,25,6,2010,0,3,
Chile,Spain,Group Phase,Loftus Versfeld Stadium,Tshwane/Pretoria,20:30,25,6,2010,1,2,
Switzerland,Honduras,Group Phase,Free State Stadium,Mangaung/Bloemfontein,20:30,25,6,2010,0,0,
Uruguay,Korea Republic,Round of 16,Port Elizabeth Stadium,Nelson Mandela Bay/Port Elizabeth,16:00,26,6,2010,2,1,
USA,Ghana,Round of 16,Royal Bafokeng Sports Palace,Phokeng,20:30,26,6,2010,1,2,Ghana win after extra time
Germany,England,Round of 16,Free State Stadium,Mangaung/Bloemfontein,16:00,27,6,2010,4,1,
Argentina,Mexico,Round of 16,Soccer City Stadium,Johannesburg,20:30,27,6,2010,3,1,
Netherlands,Slovakia,Round of 16,Durban Stadium,Durban,16:00,28,6,2010,2,1,
Brazil,Chile,Round of 16,Ellis Park Stadium,Johannesburg,20:30,28,6,2010,3,0,
Paraguay,Japan,Round of 16,Loftus Versfeld Stadium,Tshwane/Pretoria,16:00,29,6,2010,0,0,Paraguay win on penalties (5 - 3)
Spain,Portugal,Round of 16,Cape Town Stadium,Cape Town,20:30,29,6,2010,1,0,
Netherlands,Brazil,Quarter Finals,Port Elizabeth Stadium,Nelson Mandela Bay/Port Elizabeth,16:00,2,7,2010,2,1,
Uruguay,Ghana,Quarter Finals,Soccer City Stadium,Johannesburg,20:30,2,7,2010,1,1,Uruguay win on penalties (4 - 2)
Argentina,Germany,Quarter Finals,Cape Town Stadium,Cape Town,16:00,3,7,2010,0,4,
Paraguay,Spain,Quarter Finals,Ellis Park Stadium,Johannesburg,20:30,3,7,2010,0,1,
Uruguay,Netherlands,Semi Finals,Cape Town Stadium,Cape Town,20:30,6,7,2010,2,3,
Germany,Spain,Semi Finals,Durban Stadium,Durban,20:30,7,7,2010,0,1,
Uruguay,Germany,Play-off for third place,Port Elizabeth Stadium,Nelson Mandela Bay/Port Elizabeth,20:30,10,7,2010,2,3,
Netherlands,Spain,Finals,Soccer City Stadium,Johannesburg,20:30,11,7,2010,0,1,Spain win after extra time
Germany,Costa Rica,Group Phase,"FIFA World Cup Stadium, Munich",Munich,18:00,9,6,2006,4,2,
Poland,Ecuador,Group Phase,"FIFA World Cup Stadium, Gelsenkirchen",Gelsenkirchen,21:00,9,6,2006,0,2,
England,Paraguay,Group Phase,"FIFA World Cup Stadium, Frankfurt",Frankfurt/Main,15:00,10,6,2006,1,0,
Trinidad and Tobago,Sweden,Group Phase,"FIFA World Cup Stadium, Dortmund",Dortmund,18:00,10,6,2006,0,0,
Argentina,Côte d'Ivoire,Group Phase,"FIFA World Cup Stadium, Hamburg",Hamburg,21:00,10,6,2006,2,1,
Serbia and Montenegro,Netherlands,Group Phase,Zentralstadion,Leipzig,15:00,11,6,2006,0,1,
Mexico,IR Iran,Group Phase,Franken-Stadion,Nuremberg,18:00,11,6,2006,3,1,
Angola,Portugal,Group Phase,"FIFA World Cup Stadium, Cologne",Cologne,21:00,11,6,2006,0,1,
Australia,Japan,Group Phase,Fritz-Walter-Stadion,Kaiserslautern,15:00,12,6,2006,3,1,
USA,Czech Republic,Group Phase,"FIFA World Cup Stadium, Gelsenkirchen",Gelsenkirchen,18:00,12,6,2006,0,3,
Italy,Ghana,Group Phase,"FIFA World Cup Stadium, Hanover",Hanover,21:00,12,6,2006,2,0,
Korea Republic,Togo,Group Phase,"FIFA World Cup Stadium, Frankfurt",Frankfurt/Main,15:00,13,6,2006,2,1,
France,Switzerland,Group Phase,Gottlieb-Daimler-Stadion,Stuttgart,18:00,13,6,2006,0,0,
Brazil,Croatia,Group Phase,Olympiastadion,Berlin,21:00,13,6,2006,1,0,
Spain,Ukraine,Group Phase,Zentralstadion,Leipzig,15:00,14,6,2006,4,0,
Tunisia,Saudi Arabia,Group Phase,"FIFA World Cup Stadium, Munich",Munich,18:00,14,6,2006,2,2,
Germany,Poland,Group Phase,"FIFA World Cup Stadium, Dortmund",Dortmund,21:00,14,6,2006,1,0,
Ecuador,Costa Rica,Group Phase,"FIFA World Cup Stadium, Hamburg",Hamburg,15:00,15,6,2006,3,0,
England,Trinidad and Tobago,Group Phase,Franken-Stadion,Nuremberg,18:00,15,6,2006,2,0,
Sweden,Paraguay,Group Phase,Olympiastadion,Berlin,21:00,15,6,2006,1,0,
Argentina,Serbia and Montenegro,Group Phase,"FIFA World Cup Stadium, Gelsenkirchen",Gelsenkirchen,15:00,16,6,2006,6,0,
Netherlands,Côte d'Ivoire,Group Phase,Gottlieb-Daimler-Stadion,Stuttgart,18:00,16,6,2006,2,1,
Mexico,Angola,Group Phase,"FIFA World Cup Stadium, Hanover",Hanover,21:00,16,6,2006,0,0,
Portugal,IR Iran,Group Phase,"FIFA World Cup Stadium, Frankfurt",Frankfurt/Main,15:00,17,6,2006,2,0,
Czech Republic,Ghana,Group Phase,"FIFA World Cup Stadium, Cologne",Cologne,18:00,17,6,2006,0,2,
Italy,USA,Group Phase,Fritz-Walter-Stadion,Kaiserslautern,21:00,17,6,2006,1,1,
Japan,Croatia,Group Phase,Franken-Stadion,Nuremberg,15:00,18,6,2006,0,0,
Brazil,Australia,Group Phase,"FIFA World Cup Stadium, Munich",Munich,18:00,18,6,2006,2,0,
France,Korea Republic,Group Phase,Zentralstadion,Leipzig,21:00,18,6,2006,1,1,
Togo,Switzerland,Group Phase,"FIFA World Cup Stadium, Dortmund",Dortmund,15:00,19,6,2006,0,2,
Saudi Arabia,Ukraine,Group Phase,"FIFA World Cup Stadium, Hamburg",Hamburg,18:00,19,6,2006,0,4,
Spain,Tunisia,Group Phase,Gottlieb-Daimler-Stadion,Stuttgart,21:00,19,6,2006,3,1,
Ecuador,Germany,Group Phase,Olympiastadion,Berlin,16:00,20,6,2006,0,3,
Costa Rica,Poland,Group Phase,"FIFA World Cup Stadium, Hanover",Hanover,16:00,20,6,2006,1,2,
Sweden,England,Group Phase,"FIFA World Cup Stadium, Cologne",Cologne,21:00,20,6,2006,2,2,
Paraguay,Trinidad and Tobago,Group Phase,Fritz-Walter-Stadion,Kaiserslautern,21:00,20,6,2006,2,0,
IR Iran,Angola,Group Phase,Zentralstadion,Leipzig,16:00,21,6,2006,1,1,
Portugal,Mexico,Group Phase,"FIFA World Cup Stadium, Gelsenkirchen",Gelsenkirchen,16:00,21,6,2006,2,1,
Netherlands,Argentina,Group Phase,"FIFA World Cup Stadium, Frankfurt",Frankfurt/Main,21:00,21,6,2006,0,0,
Côte d'Ivoire,Serbia and Montenegro,Group Phase,"FIFA World Cup Stadium, Munich",Munich,21:00,21,6,2006,3,2,
Czech Republic,Italy,Group Phase,"FIFA World Cup Stadium, Hamburg",Hamburg,16:00,22,6,2006,0,2,
Ghana,USA,Group Phase,Franken-Stadion,Nuremberg,16:00,22,6,2006,2,1,
Japan,Brazil,Group Phase,"FIFA World Cup Stadium, Dortmund",Dortmund,21:00,22,6,2006,1,4,
Croatia,Australia,Group Phase,Gottlieb-Daimler-Stadion,Stuttgart,21:00,22,6,2006,2,2,
Ukraine,Tunisia,Group Phase,Olympiastadion,Berlin,16:00,23,6,2006,1,0,
Saudi Arabia,Spain,Group Phase,Fritz-Walter-Stadion,Kaiserslautern,16:00,23,6,2006,0,1,
Togo,France,Group Phase,"FIFA World Cup Stadium, Cologne",Cologne,21:00,23,6,2006,0,2,
Switzerland,Korea Republic,Group Phase,"FIFA World Cup Stadium, Hanover",Hanover,21:00,23,6,2006,2,0,
Germany,Sweden,Round of 16,"FIFA World Cup Stadium, Munich",Munich,17:00,24,6,2006,2,0,
Argentina,Mexico,Round of 16,Zentralstadion,Leipzig,21:00,24,6,2006,2,1,Argentina win after extra time
England,Ecuador,Round of 16,Gottlieb-Daimler-Stadion,Stuttgart,17:00,25,6,2006,1,0,
Portugal,Netherlands,Round of 16,Franken-Stadion,Nuremberg,21:00,25,6,2006,1,0,
Italy,Australia,Round of 16,Fritz-Walter-Stadion,Kaiserslautern,17:00,26,6,2006,1,0,
Switzerland,Ukraine,Round of 16,"FIFA World Cup Stadium, Cologne",Cologne,21:00,26,6,2006,0,0,Ukraine win on penalties (0 - 3)
Brazil,Ghana,Round of 16,"FIFA World Cup Stadium, Dortmund",Dortmund,17:00,27,6,2006,3,0,
Spain,France,Round of 16,"FIFA World Cup Stadium, Hanover",Hanover,21:00,27,6,2006,1,3,
Germany,Argentina,Quarter Finals,Olympiastadion,Berlin,17:00,30,6,2006,1,1,Germany win on penalties (4 - 2)
Italy,Ukraine,Quarter Finals,"FIFA World Cup Stadium, Hamburg",Hamburg,21:00,30,6,2006,3,0,
England,Portugal,Quarter Finals,"FIFA World Cup Stadium, Gelsenkirchen",Gelsenkirchen,17:00,1,7,2006,0,0,Portugal win on penalties (1 - 3)
Brazil,France,Quarter Finals,"FIFA World Cup Stadium, Frankfurt",Frankfurt/Main,21:00,1,7,2006,0,1,
Germany,Italy,Semi Finals,"FIFA World Cup Stadium, Dortmund",Dortmund,21:00,4,7,2006,0,2,Italy win after extra time
Portugal,France,Semi Finals,"FIFA World Cup Stadium, Munich",Munich,21:00,5,7,2006,0,1,
Germany,Portugal,Play-off for third place,Gottlieb-Daimler-Stadion,Stuttgart,21:00,8,7,2006,3,1,
Italy,France,Finals,Olympiastadion,Berlin,20:00,9,7,2006,1,1,Italy win on penalties (5 - 3)
France,Senegal,Group Phase,Seoul World Cup Stadium,Seoul,20:30,31,5,2002,0,1,
Uruguay,Denmark,Group Phase,Munsu Football Stadium,Ulsan,18:00,1,6,2002,1,2,
Republic of Ireland,Cameroon,Group Phase,Niigata Stadium Big Swan,Niigata,15:30,1,6,2002,1,1,
Germany,Saudi Arabia,Group Phase,Sapporo Dome,Sapporo,20:30,1,6,2002,8,0,
Argentina,Nigeria,Group Phase,Kashima Stadium,Ibaraki,14:30,2,6,2002,1,0,
Paraguay,South Africa,Group Phase,Busan Asiad Main Stadium,Busan,16:30,2,6,2002,2,2,
England,Sweden,Group Phase,Saitama Stadium 2002,Saitama,18:30,2,6,2002,1,1,
Spain,Slovenia,Group Phase,Gwangju World Cup Stadium,Gwangju,20:30,2,6,2002,3,1,
Brazil,Turkey,Group Phase,Munsu Football Stadium,Ulsan,18:00,3,6,2002,2,1,
Italy,Ecuador,Group Phase,Sapporo Dome,Sapporo,20:30,3,6,2002,2,0,
Croatia,Mexico,Group Phase,Denka Big Swan Stadium,Niigata,15:30,3,6,2002,0,1,
China PR,Costa Rica,Group Phase,Gwangju World Cup Stadium,Gwangju,15:30,4,6,2002,0,2,
Japan,Belgium,Group Phase,Saitama Stadium 2002,Saitama,18:00,4,6,2002,2,2,
Korea Republic,Poland,Group Phase,Busan Asiad Main Stadium,Busan,20:30,4,6,2002,2,0,
Russia,Tunisia,Group Phase,Kobe Wing Stadium,Kobe,15:30,5,6,2002,2,0,
USA,Portugal,Group Phase,Suwon World Cup Stadium,Suwon,18:00,5,6,2002,3,2,
Germany,Republic of Ireland,Group Phase,Kashima Stadium,Ibaraki,20:30,5,6,2002,1,1,
Denmark,Senegal,Group Phase,Daegu World Cup Stadium,Daegu,15:30,6,6,2002,1,1,
Cameroon,Saudi Arabia,Group Phase,Saitama Stadium 2002,Saitama,18:00,6,6,2002,1,0,
France,Uruguay,Group Phase,Busan Asiad Main Stadium,Busan,20:30,6,6,2002,0,0,
Sweden,Nigeria,Group Phase,Kobe Wing Stadium,Kobe,15:30,7,6,2002,2,1,
Argentina,England,Group Phase,Sapporo Dome,Sapporo,20:30,7,6,2002,0,1,
Spain,Paraguay,Group Phase,Jeonju World Cup Stadium,Jeonju,18:00,7,6,2002,3,1,
South Africa,Slovenia,Group Phase,Daegu World Cup Stadium,Daegu,15:30,8,6,2002,1,0,
Brazil,China PR,Group Phase,Jeju World Cup Stadium,Jeju,20:30,8,6,2002,4,0,
Italy,Croatia,Group Phase,Kashima Stadium,Ibaraki,18:00,8,6,2002,1,2,
Costa Rica,Turkey,Group Phase,Incheon Football Stadium,Incheon,18:00,9,6,2002,1,1,
Japan,Russia,Group Phase,International Stadium Yokohama,Yokohama,20:30,9,6,2002,1,0,
Mexico,Ecuador,Group Phase,Miyagi Stadium,Rifu,15:30,9,6,2002,2,1,
Korea Republic,USA,Group Phase,Daegu World Cup Stadium,Daegu,15:30,10,6,2002,1,1,
Portugal,Poland,Group Phase,Jeonju World Cup Stadium,Jeonju,20:30,10,6,2002,4,0,
Tunisia,Belgium,Group Phase,Oita Stadium Big Eye,Oita,18:00,10,6,2002,1,1,
Denmark,France,Group Phase,Incheon Football Stadium,Incheon,15:30,11,6,2002,2,0,
Senegal,Uruguay,Group Phase,Suwon World Cup Stadium,Suwon,15:30,11,6,2002,3,3,
Saudi Arabia,Republic of Ireland,Group Phase,International Stadium Yokohama,Yokohama,20:30,11,6,2002,0,3,
Cameroon,Germany,Group Phase,Shizuoka Stadium Ecopa,Shizuoka,20:30,11,6,2002,0,2,
Sweden,Argentina,Group Phase,Miyagi Stadium,Rifu,15:30,12,6,2002,1,1,
Nigeria,England,Group Phase,Osaka Nagai Stadium,Osaka,15:30,12,6,2002,0,0,
Slovenia,Paraguay,Group Phase,Jeju World Cup Stadium,Jeju,20:30,12,6,2002,1,3,
South Africa,Spain,Group Phase,Daejeon World Cup Stadium,Daejeon,20:30,12,6,2002,2,3,
Costa Rica,Brazil,Group Phase,Suwon World Cup Stadium,Suwon,15:30,13,6,2002,2,5,
Turkey,China PR,Group Phase,Seoul World Cup Stadium,Seoul,15:30,13,6,2002,3,0,
Ecuador,Croatia,Group Phase,International Stadium Yokohama,Yokohama,20:30,13,6,2002,1,0,
Mexico,Italy,Group Phase,Oita Stadium Big Eye,Oita,20:30,13,6,2002,1,1,
Tunisia,Japan,Group Phase,Osaka Nagai Stadium,Osaka,15:30,14,6,2002,0,2,
Portugal,Korea Republic,Group Phase,Incheon Football Stadium,Incheon,20:30,14,6,2002,0,1,
Poland,USA,Group Phase,Daejeon World Cup Stadium,Daejeon,20:30,14,6,2002,3,1,
Belgium,Russia,Group Phase,Shizuoka Stadium Ecopa,Shizuoka,15:30,14,6,2002,3,2,
Denmark,England,Round of 16,Niigata Stadium Big Swan,Niigata,20:30,15,6,2002,0,3,
Germany,Paraguay,Round of 16,Jeju World Cup Stadium,Jeju,15:30,15,6,2002,1,0,
Spain,Republic of Ireland,Round of 16,Suwon World Cup Stadium,Suwon,20:30,16,6,2002,1,1,Spain win on penalties (3 - 2)
Sweden,Senegal,Round of 16,Oita Stadium Big Eye,Oita,15:30,16,6,2002,1,2,Win on Golden Goal
Brazil,Belgium,Round of 16,Kobe Wing Stadium,Kobe,20:30,17,6,2002,2,0,
Mexico,USA,Round of 16,Jeonju World Cup Stadium,Jeonju,15:30,17,6,2002,0,2,
Japan,Turkey,Round of 16,Miyagi Stadium,Rifu,15:30,18,6,2002,0,1,
Korea Republic,Italy,Round of 16,Daejeon World Cup Stadium,Daejeon,20:30,18,6,2002,2,1,Win on Golden Goal
England,Brazil,Quarter Finals,Shizuoka Stadium Ecopa,Shizuoka,15:30,21,6,2002,1,2,
Germany,USA,Quarter Finals,Munsu Football Stadium,Ulsan,20:30,21,6,2002,1,0,
Senegal,Turkey,Quarter Finals,Osaka Nagai Stadium,Osaka,20:30,22,6,2002,0,1,Win on Golden Goal
Spain,Korea Republic,Quarter Finals,Gwangju World Cup Stadium,Gwangju,15:30,22,6,2002,0,0,Korea Republic win on penalties (3 - 5)
Germany,Korea Republic,Semi Finals,Seoul World Cup Stadium,Seoul,20:30,25,6,2002,1,0,
Brazil,Turkey,Semi Finals,Saitama Stadium 2002,Saitama,20:30,26,6,2002,1,0,
Korea Republic,Turkey,Play-off for third place,Daegu World Cup Stadium,Daegu,20:00,29,6,2002,2,3,
Germany,Brazil,Finals,International Stadium Yokohama,Yokohama,20:00,30,6,2002,0,2,
Brazil,Scotland,Group Phase,Stade de France,Saint-Denis,17:30,10,6,1998,2,1,
Morocco,Norway,Group Phase,La Mosson,Montpellier,21:00,10,6,1998,2,2,
Italy,Chile,Group Phase,Stade du Parc Lescure,Bordeaux,17:30,11,6,1998,2,2,
Cameroon,Austria,Group Phase,Stade Municipal,Toulouse,21:00,11,6,1998,1,1,
Paraguay,Bulgaria,Group Phase,La Mosson,Montpellier,14:30,12,6,1998,0,0,
Saudi Arabia,Denmark,Group Phase,Stade Felix Bollaert,Lens,17:30,12,6,1998,0,1,
France,South Africa,Group Phase,Stade Vélodrome,Marseilles,21:00,12,6,1998,3,0,
Spain,Nigeria,Group Phase,La Beaujoire,Nantes,14:30,13,6,1998,2,3,
Korea Republic,Mexico,Group Phase,Stade de Gerland,Lyon,17:30,13,6,1998,1,3,
Netherlands,Belgium,Group Phase,Stade de France,Saint-Denis,21:00,13,6,1998,0,0,
Argentina,Japan,Group Phase,Stade Municipal,Toulouse,14:30,14,6,1998,1,0,
Yugoslavia,Iran,Group Phase,Stade Geoffroy Guichard,Saint-Etienne,17:30,14,6,1998,1,0,
Jamaica,Croatia,Group Phase,Stade Felix Bollaert,Lens,21:00,14,6,1998,1,3,
England,Tunisia,Group Phase,Stade Vélodrome,Marseilles,14:30,15,6,1998,2,0,
Romania,Colombia,Group Phase,Stade de Gerland,Lyon,17:30,15,6,1998,1,0,
Germany,USA,Group Phase,Parc des Princes,Paris,21:00,15,6,1998,2,0,
Scotland,Norway,Group Phase,Stade du Parc Lescure,Bordeaux,17:30,16,6,1998,1,1,
Brazil,Morocco,Group Phase,La Beaujoire,Nantes,21:00,16,6,1998,3,0,
Chile,Austria,Group Phase,Stade Geoffroy Guichard,Saint-Etienne,17:30,17,6,1998,1,1,
Italy,Cameroon,Group Phase,La Mosson,Montpellier,21:00,17,6,1998,3,0,
South Africa,Denmark,Group Phase,Stade Municipal,Toulouse,17:30,18,6,1998,1,1,
France,Saudi Arabia,Group Phase,Stade de France,Saint-Denis,21:00,18,6,1998,4,0,
Nigeria,Bulgaria,Group Phase,Parc des Princes,Paris,17:30,19,6,1998,1,0,
Spain,Paraguay,Group Phase,Stade Geoffroy Guichard,Saint-Etienne,21:00,19,6,1998,0,0,
Japan,Croatia,Group Phase,La Beaujoire,Nantes,14:30,20,6,1998,0,1,
Belgium,Mexico,Group Phase,Stade du Parc Lescure,Bordeaux,17:30,20,6,1998,2,2,
Netherlands,Korea Republic,Group Phase,Stade Vélodrome,Marseilles,21:00,20,6,1998,5,0,
Germany,Yugoslavia,Group Phase,Stade Felix Bollaert,Lens,14:30,21,6,1998,2,2,
Argentina,Jamaica,Group Phase,Parc des Princes,Paris,17:30,21,6,1998,5,0,
USA,Iran,Group Phase,Stade de Gerland,Lyon,21:00,21,6,1998,1,2,
Colombia,Tunisia,Group Phase,La Mosson,Montpellier,17:30,22,6,1998,1,0,
Romania,England,Group Phase,Stade Municipal,Toulouse,21:00,22,6,1998,2,1,
Italy,Austria,Group Phase,Stade de France,Saint-Denis,16:00,23,6,1998,2,1,
Chile,Cameroon,Group Phase,La Beaujoire,Nantes,16:00,23,6,1998,1,1,
Scotland,Morocco,Group Phase,Stade Geoffroy Guichard,Saint-Etienne,21:00,23,6,1998,0,3,
Brazil,Norway,Group Phase,Stade Vélodrome,Marseilles,21:00,23,6,1998,1,2,
France,Denmark,Group Phase,Stade de Gerland,Lyon,16:00,24,6,1998,2,1,
South Africa,Saudi Arabia,Group Phase,Stade du Parc Lescure,Bordeaux,16:00,24,6,1998,2,2,
Spain,Bulgaria,Group Phase,Stade Felix Bollaert,Lens,21:00,24,6,1998,6,1,
Nigeria,Paraguay,Group Phase,Stade Municipal,Toulouse,21:00,24,6,1998,1,3,
Belgium,Korea Republic,Group Phase,Parc des Princes,Paris,16:00,25,6,1998,1,1,
Netherlands,Mexico,Group Phase,Stade Geoffroy Guichard,Saint-Etienne,16:00,25,6,1998,2,2,
Germany,Iran,Group Phase,La Mosson,Montpellier,21:00,25,6,1998,2,0,
USA,Yugoslavia,Group Phase,La Beaujoire,Nantes,21:00,25,6,1998,0,1,
Japan,Jamaica,Group Phase,Stade de Gerland,Lyon,16:00,26,6,1998,1,2,
Argentina,Croatia,Group Phase,Stade du Parc Lescure,Bordeaux,16:00,26,6,1998,1,0,
Romania,Tunisia,Group Phase,Stade de France,Saint-Denis,21:00,26,6,1998,1,1,
Colombia,England,Group Phase,Stade Felix Bollaert,Lens,21:00,26,6,1998,0,2,
Italy,Norway,Round of 16,Stade Vélodrome,Marseilles,16:30,27,6,1998,1,0,
Brazil,Chile,Round of 16,Parc des Princes,Paris,21:00,27,6,1998,4,1,
France,Paraguay,Round of 16,Stade Felix Bollaert,Lens,16:30,28,6,1998,1,0,France win after extra time
Nigeria,Denmark,Round of 16,Stade de France,Saint-Denis,21:00,28,6,1998,1,4,
Germany,Mexico,Round of 16,La Mosson,Montpellier,16:30,29,6,1998,2,1,
Netherlands,Yugoslavia,Round of 16,Stade Municipal,Toulouse,21:00,29,6,1998,2,1,
Romania,Croatia,Round of 16,Stade du Parc Lescure,Bordeaux,16:30,30,6,1998,0,1,
Argentina,England,Round of 16,Stade Geoffroy Guichard,Saint-Etienne,21:00,30,6,1998,2,2,Argentina win on penalties (4 - 3)
Italy,France,Quarter Finals,Stade de France,Saint-Denis,16:30,3,7,1998,0,0,France win on penalties (3 - 4)
Brazil,Denmark,Quarter Finals,La Beaujoire,Nantes,21:00,3,7,1998,3,2,
Netherlands,Argentina,Quarter Finals,Stade Vélodrome,Marseilles,16:30,4,7,1998,2,1,
Germany,Croatia,Quarter Finals,Stade de Gerland,Lyon,21:00,4,7,1998,0,3,
Brazil,Netherlands,Semi Finals,Stade Vélodrome,Marseilles,21:00,7,7,1998,1,1,Brazil win on penalties (4 - 2)
France,Croatia,Semi Finals,Stade de France,Saint-Denis,21:00,8,7,1998,2,1,
Netherlands,Croatia,Play-off for third place,Parc des Princes,Paris,21:00,11,7,1998,1,2,
Brazil,France,Finals,Stade de France,Saint-Denis,21:00,12,7,1998,0,3,
Spain,Korea Republic,Group Phase,Cotton Bowl,Dallas,19:30,17,6,1994,2,2,
Germany,Bolivia,Group Phase,Soldier Field,Chicago,15:00,17,6,1994,1,0,
USA,Switzerland,Group Phase,Pontiac Silverdome,Detroit,11:30,18,6,1994,1,1,
Italy,Republic of Ireland,Group Phase,Giants Stadium,New York/New Jersey,16:00,18,6,1994,0,1,
Colombia,Romania,Group Phase,Rose Bowl,Los Angeles,19:30,18,6,1994,1,3,
Belgium,Morocco,Group Phase,Citrus Bowl,Orlando,12:30,19,6,1994,1,0,
Norway,Mexico,Group Phase,RFK Stadium,Washington Dc,16:00,19,6,1994,1,0,
Cameroon,Sweden,Group Phase,Rose Bowl,Los Angeles,19:30,19,6,1994,2,2,
Netherlands,Saudi Arabia,Group Phase,RFK Stadium,Washington Dc,19:30,20,6,1994,2,1,
Brazil,Russia,Group Phase,Stanford Stadium,San Francisco,16:00,20,6,1994,2,0,
Argentina,Greece,Group Phase,Foxboro Stadium,Boston,12:30,21,6,1994,4,0,
Nigeria,Bulgaria,Group Phase,Cotton Bowl,Dallas,19:30,21,6,1994,3,0,
Germany,Spain,Group Phase,Soldier Field,Chicago,16:00,21,6,1994,1,1,
Romania,Switzerland,Group Phase,Pontiac Silverdome,Detroit,16:00,22,6,1994,1,4,
USA,Colombia,Group Phase,Rose Bowl,Los Angeles,19:30,22,6,1994,2,1,
Italy,Norway,Group Phase,Giants Stadium,New York/New Jersey,16:00,23,6,1994,1,0,
Korea Republic,Bolivia,Group Phase,Foxboro Stadium,Boston,19:30,23,6,1994,0,0,
Mexico,Republic of Ireland,Group Phase,Citrus Bowl,Orlando,12:30,24,6,1994,2,1,
Sweden,Russia,Group Phase,Pontiac Silverdome,Detroit,19:30,24,6,1994,3,1,
Brazil,Cameroon,Group Phase,Stanford Stadium,San Francisco,16:00,24,6,1994,3,0,
Belgium,Netherlands,Group Phase,Citrus Bowl,Orlando,12:30,25,6,1994,1,0,
Saudi Arabia,Morocco,Group Phase,Giants Stadium,New York/New Jersey,12:30,25,6,1994,2,1,
Argentina,Nigeria,Group Phase,Foxboro Stadium,Boston,16:00,25,6,1994,2,1,
Bulgaria,Greece,Group Phase,Soldier Field,Chicago,12:30,26,6,1994,4,0,
USA,Romania,Group Phase,Rose Bowl,Los Angeles,16:00,26,6,1994,0,1,
Switzerland,Colombia,Group Phase,Stanford Stadium,San Francisco,16:00,26,6,1994,0,2,
Germany,Korea Republic,Group Phase,Cotton Bowl,Dallas,16:00,27,6,1994,3,2,
Bolivia,Spain,Group Phase,Soldier Field,Chicago,16:00,27,6,1994,1,3,
Republic of Ireland,Norway,Group Phase,Giants Stadium,New York/New Jersey,12:30,28,6,1994,0,0,
Brazil,Sweden,Group Phase,Pontiac Silverdome,Detroit,16:00,28,6,1994,1,1,
Italy,Mexico,Group Phase,RFK Stadium,Washington Dc,12:30,28,6,1994,1,1,
Russia,Cameroon,Group Phase,Stanford Stadium,San Francisco,16:00,28,6,1994,6,1,
Morocco,Netherlands,Group Phase,Citrus Bowl,Orlando,12:30,29,6,1994,1,2,
Belgium,Saudi Arabia,Group Phase,RFK Stadium,Washington Dc,12:30,29,6,1994,0,1,
Greece,Nigeria,Group Phase,Foxboro Stadium,Boston,19:30,30,6,1994,0,2,
Argentina,Bulgaria,Group Phase,Cotton Bowl,Dallas,19:30,30,6,1994,0,2,
Germany,Belgium,Round of 16,Soldier Field,Chicago,12:00,2,7,1994,3,2,
Spain,Switzerland,Round of 16,RFK Stadium,Washington Dc,16:30,2,7,1994,3,0,
Saudi Arabia,Sweden,Round of 16,Cotton Bowl,Dallas,12:00,3,7,1994,1,3,
Romania,Argentina,Round of 16,Rose Bowl,Los Angeles,13:30,3,7,1994,3,2,
Netherlands,Republic of Ireland,Round of 16,Citrus Bowl,Orlando,12:00,4,7,1994,2,0,
Brazil,USA,Round of 16,Stanford Stadium,San Francisco,12:30,4,7,1994,1,0,
Nigeria,Italy,Round of 16,Foxboro Stadium,Boston,13:00,5,7,1994,1,2,Italy win after extra time
Mexico,Bulgaria,Round of 16,Giants Stadium,New York/New Jersey,16:30,5,7,1994,1,1,Bulgaria win on penalties (1 - 3)
Italy,Spain,Quarter Finals,Foxboro Stadium,Boston,12:00,9,7,1994,2,1,
Netherlands,Brazil,Quarter Finals,Cotton Bowl,Dallas,14:30,9,7,1994,2,3,
Bulgaria,Germany,Quarter Finals,Giants Stadium,New York/New Jersey,12:00,10,7,1994,2,1,
Romania,Sweden,Quarter Finals,Stanford Stadium,San Francisco,12:30,10,7,1994,2,2,Sweden win on penalties (4 - 5)
Bulgaria,Italy,Semi Finals,Giants Stadium,New York/New Jersey,16:00,13,7,1994,1,2,
Sweden,Brazil,Semi Finals,Rose Bowl,Los Angeles,16:30,13,7,1994,0,1,
Sweden,Bulgaria,Play-off for third place,Rose Bowl,Los Angeles,12:30,16,7,1994,4,0,
Brazil,Italy,Finals,Rose Bowl,Los Angeles,12:30,17,7,1994,0,0,Brazil win on penalties (3 - 2)
Spain,Korea Republic,Group Phase,Stadio Giuseppe Meazza,Milan,18:00,8,6,1990,0,1,
Soviet Union Romania,Soviet Union Romania,Group Phase,Stadio San Nicola,Bari,17:00,9,6,1990,0,2,
United Arab Emirates Colombia,United Arab Emirates Colombia,Group Phase,Renato Dall Ara,Bologna,17:00,9,6,1990,0,2,
Italy,Republic of Ireland,Group Phase,Stadio Olimpico,Rome,21:00,9,6,1990,1,0,
USA,Czechoslovakia,Group Phase,Comunale,Florence,17:00,10,6,1990,1,5,
Brazil,Sweden,Group Phase,Stadio delle Alpi,Turin,21:00,10,6,1990,2,1,
Germany FR Yugoslavia,Germany FR Yugoslavia,Group Phase,Giuseppe Meazza,Milan,21:00,10,6,1990,4,1,
Costa Rica Scotland,Costa Rica Scotland,Group Phase,Luigi Ferraris,Genoa,17:00,11,6,1990,1,0,
Netherlands,Saudi Arabia,Group Phase,Sant Elia,Cagliari,21:00,11,6,1990,1,1,
Belgium Korea Republic,Belgium Korea Republic,Group Phase,Marc Antonio Bentegodi,Verona,17:00,12,6,1990,2,0,
Netherlands,Egypt,Group Phase,Della Favorita,Palermo,21:00,12,6,1990,1,1,
Uruguay,Spain,Group Phase,Dacia Arena,Udine,17:00,13,6,1990,0,0,
Argentina Soviet Union,Argentina Soviet Union,Group Phase,San Paolo,Naples,21:00,13,6,1990,2,0,
Cameroon,Romania,Group Phase,Stadio San Nicola,Bari,17:00,14,6,1990,2,1,
Yugoslavia,Colombia,Group Phase,Renato Dall Ara,Bologna,17:00,14,6,1990,1,0,
Italy,USA,Group Phase,Stadio Olimpico,Rome,21:00,14,6,1990,1,0,
Korea Republic,Bolivia,Group Phase,Comunale,Florence,17:00,15,6,1990,0,1,
Mexico,Republic of Ireland,Group Phase,Stadio Giuseppe Meazza,Milan,21:00,15,6,1990,5,1,
Brazil Costa Rica,Brazil Costa Rica,Group Phase,Stadio delle Alpi,Turin,17:00,16,6,1990,1,0,
Sweden,Scotland,Group Phase,Luigi Ferraris,Genoa,21:00,16,6,1990,1,2,
England,Netherlands,Group Phase,Sant Elia,Cagliari,21:00,16,6,1990,0,0,
Saudi Arabia,Morocco,Group Phase,Della Favorita,Palermo,17:00,17,6,1990,0,0,
Korea Republic Spain,Korea Republic Spain,Group Phase,Dacia Arena,Udine,21:00,17,6,1990,1,3,
Belgium,Uruguay,Group Phase,Marc Antonio Bentegodi,Verona,21:00,17,6,1990,3,1,
Argentina,Romania,Group Phase,San Paolo,Naples,21:00,18,6,1990,1,1,
Cameroon Soviet Union,Cameroon Soviet Union,Group Phase,Stadio San Nicola,Bari,21:00,18,6,1990,0,4,
Germany,Korea Republic,Group Phase,Stadio Giuseppe Meazza,Milan,17:00,19,6,1990,1,1,
Yugoslavia United Arab Emirates,Yugoslavia United Arab Emirates,Group Phase,Renato Dall Ara,Bologna,17:00,19,6,1990,4,1,
Republic of Ireland,Norway,Group Phase,Stadio Olimpico,Rome,21:00,19,6,1990,2,0,
Austria,USA,Group Phase,Comunale,Florence,21:00,19,6,1990,2,1,
Brazil,Scotland,Group Phase,Stadio delle Alpi,Turin,21:00,20,6,1990,1,0,
Sweden Costa Rica,Sweden Costa Rica,Group Phase,Luigi Ferraris,Genoa,21:00,20,6,1990,1,2,
Korea Republic Uruguay,Korea Republic Uruguay,Group Phase,Dacia Arena,Udine,17:00,21,6,1990,0,1,
Belgium,Saudi Arabia,Group Phase,Marc Antonio Bentegodi,Verona,17:00,21,6,1990,1,2,
Republic of Ireland Netherlands,Republic of Ireland Netherlands,Group Phase,Della Favorita,Palermo,21:00,21,6,1990,1,1,
England,Egypt,Group Phase,Sant Elia,Cagliari,21:00,21,6,1990,1,0,
Cameroon,Colombia,Round of 16,San Paolo,Naples,17:00,23,6,1990,2,1,Cameroon win after extra time
Czechoslovakia Costa Rica,Czechoslovakia Costa Rica,Round of 16,Stadio San Nicola,Bari,21:00,23,6,1990,4,1,
Saudi Arabia,Sweden,Round of 16,Stadio delle Alpi,Turin,17:00,24,6,1990,0,1,
Germany FR Netherlands,Germany FR Netherlands,Round of 16,Stadio Giuseppe Meazza,Milan,21:00,24,6,1990,2,1,
Netherlands,Republic of Ireland,Round of 16,Luigi Ferraris,Genoa,17:00,25,6,1990,0,0,Republic of Ireland win on penalties (5 - 4)
Italy,Uruguay,Round of 16,Stadio Olimpico,Rome,21:00,25,6,1990,2,0,
Spain,Yugoslavia,Round of 16,Marc Antonio Bentegodi,Verona,17:00,26,6,1990,1,2,Yugoslavia win after extra time
England,Belgium,Round of 16,Renato Dall Ara,Bologna,21:00,26,6,1990,1,0,England win after extra time
Yugoslavia,Argentina,Quarter Finals,Comunale,Florence,17:00,30,6,1990,0,0,Argentina win on penalties (2 - 3)
Italy Republic of Ireland,Italy Republic of Ireland,Quarter Finals,Stadio Olimpico,Rome,21:00,30,6,1990,1,0,
Germany FR Czechoslovakia,Germany FR Czechoslovakia,Quarter Finals,Stadio Giuseppe Meazza,Milan,17:00,1,7,1990,1,0,
England,Cameroon,Quarter Finals,San Paolo,Naples,21:00,1,7,1990,3,2,England win after extra time
Italy,Argentina,Semi Finals,San Paolo,Naples,20:00,3,7,1990,1,1,Argentina win on penalties (3 - 4)
Germany FR England,Germany FR England,Semi Finals,Stadio delle Alpi,Turin,20:00,4,7,1990,1,1,Germany FR win on penalties (4 - 3)
Italy,England,Play-off for third place,Stadio San Nicola,Bari,20:00,7,7,1990,2,1,
Germany FR Argentina,Germany FR Argentina,Finals,Stadio Olimpico,Rome,20:00,8,7,1990,1,0,
Bulgaria,Italy,Group Phase,Estadio Azteca,Mexico City,12:00,31,5,1986,1,1,
Canada,France,Group Phase,Nou Camp - Estadio León,Leon,16:00,1,6,1986,0,1,
Spain,Brazil,Group Phase,Jalisco,Guadalajara,12:00,1,6,1986,0,1,
Soviet Union,Hungary,Group Phase,Estadio Irapuato,Irapuato,12:00,2,6,1986,6,0,
Argentina,Korea Republic,Group Phase,Estadio Olímpico Universitario,Mexico City,12:00,2,6,1986,3,1,
Morocco,Poland,Group Phase,Estadio Universitario,Monterrey,16:00,2,6,1986,0,0,
Algeria,Northern Ireland,Group Phase,Tres de Marzo,Guadalajara,12:00,3,6,1986,1,1,
Belgium,Mexico,Group Phase,Estadio Azteca,Mexico City,12:00,3,6,1986,1,2,
Portugal,England,Group Phase,Tecnologico,Monterrey,16:00,3,6,1986,1,0,
Paraguay,Iraq,Group Phase,Bombonera - Estadio Nemesio Diez,Toluca,12:00,4,6,1986,1,0,
Scotland,Denmark,Group Phase,Neza,Nezahualcoyotl,16:00,4,6,1986,0,1,
Uruguay,Germany FR,Group Phase,Estadio Corregidora,Queretaro,12:00,4,6,1986,1,1,
Italy,Argentina,Group Phase,Cuauhtemoc,Puebla,12:00,5,6,1986,1,1,
France,Soviet Union,Group Phase,Nou Camp - Estadio León,Leon,12:00,5,6,1986,1,1,
Korea Republic,Bulgaria,Group Phase,Estadio Olímpico Universitario,Mexico City,16:00,5,6,1986,1,1,
Hungary,Canada,Group Phase,Estadio Irapuato,Irapuato,12:00,6,6,1986,2,0,
Brazil,Algeria,Group Phase,Jalisco,Guadalajara,12:00,6,6,1986,1,0,
England,Morocco,Group Phase,Tecnologico,Monterrey,16:00,6,6,1986,0,0,
Northern Ireland,Spain,Group Phase,Tres de Marzo,Guadalajara,12:00,7,6,1986,1,2,
Mexico,Paraguay,Group Phase,Estadio Azteca,Mexico City,12:00,7,6,1986,1,1,
Poland,Portugal,Group Phase,Estadio Universitario,Monterrey,16:00,7,6,1986,1,0,
Iraq,Belgium,Group Phase,Bombonera - Estadio Nemesio Diez,Toluca,12:00,8,6,1986,1,2,
Denmark,Uruguay,Group Phase,Neza,Nezahualcoyotl,16:00,8,6,1986,6,1,
Germany FR,Scotland,Group Phase,Estadio Corregidora,Queretaro,12:00,8,6,1986,2,1,
Hungary,France,Group Phase,Nou Camp - Estadio León,Leon,12:00,9,6,1986,0,3,
Soviet Union,Canada,Group Phase,Estadio Irapuato,Irapuato,12:00,9,6,1986,2,0,
Korea Republic,Italy,Group Phase,Cuauhtemoc,Puebla,12:00,10,6,1986,2,3,
Argentina,Bulgaria,Group Phase,Estadio Olímpico Universitario,Mexico City,12:00,10,6,1986,2,0,
Paraguay,Belgium,Group Phase,Bombonera - Estadio Nemesio Diez,Toluca,12:00,11,6,1986,2,2,
Iraq,Mexico,Group Phase,Estadio Azteca,Mexico City,12:00,11,6,1986,0,1,
Portugal,Morocco,Group Phase,Tres de Marzo,Guadalajara,16:00,11,6,1986,1,3,
England,Poland,Group Phase,Tecnologico,Monterrey,16:00,11,6,1986,3,0,
Northern Ireland,Brazil,Group Phase,Jalisco,Guadalajara,12:00,12,6,1986,0,3,
Algeria,Spain,Group Phase,Tecnologico,Monterrey,12:00,12,6,1986,0,3,
Scotland,Uruguay,Group Phase,Neza,Nezahualcoyotl,12:00,13,6,1986,0,0,
Denmark,Germany FR,Group Phase,Estadio Corregidora,Queretaro,12:00,13,6,1986,2,0,
Soviet Union,Belgium,Round of 16,Nou Camp - Estadio León,Leon,16:00,15,6,1986,3,4,Belgium win after extra time
Mexico,Bulgaria,Round of 16,Estadio Azteca,Mexico City,12:00,15,6,1986,2,0,
Argentina,Uruguay,Round of 16,Cuauhtemoc,Puebla,16:00,16,6,1986,1,0,
Brazil,Poland,Round of 16,Jalisco,Guadalajara,12:00,16,6,1986,4,0,
Italy,France,Round of 16,Estadio Olímpico Universitario,Mexico City,12:00,17,6,1986,0,2,
Morocco,Germany FR,Round of 16,Estadio Universitario,Monterrey,16:00,17,6,1986,0,1,
England,Paraguay,Round of 16,Estadio Azteca,Mexico City,12:00,18,6,1986,3,0,
Denmark,Spain,Round of 16,Estadio Corregidora,Queretaro,16:00,18,6,1986,1,5,
Brazil,France,Quarter Finals,Jalisco,Guadalajara,12:00,21,6,1986,1,1,France win on penalties (3 - 4)
Germany FR,Mexico,Quarter Finals,Estadio Universitario,Monterrey,16:00,21,6,1986,0,0,Germany FR win on penalties (4 - 1)
Spain,Belgium,Quarter Finals,Cuauhtemoc,Puebla,16:00,22,6,1986,1,1,Belgium win on penalties (4 - 5)
Argentina,England,Quarter Finals,Estadio Azteca,Mexico City,12:00,22,6,1986,2,1,
France,Germany FR,Semi Finals,Jalisco,Guadalajara,12:00,25,6,1986,0,2,
Argentina,Belgium,Semi Finals,Estadio Azteca,Mexico City,16:00,25,6,1986,2,0,
France,Belgium,Play-off for third place,Cuauhtemoc,Puebla,12:00,28,6,1986,4,2,France win after extra time
Argentina,Germany FR,Finals,Estadio Azteca,Mexico City,12:00,29,6,1986,3,2,
Argentina,Belgium,Group Phase,Camp Nou,Barcelona,20:00,13,6,1982,0,1,
Italy,Poland,Group Phase,Estadio Municipal de Balaídos,Vigo,17:15,14,6,1982,0,0,
Brazil,Soviet Union,Group Phase,Ramon Sanchez Pizjuan,Seville,21:00,14,6,1982,2,1,
Peru,Cameroon,Group Phase,Riazor,La CoruñA,17:15,15,6,1982,0,0,
Hungary,El Salvador,Group Phase,Nuevo Estadio,Elche,21:00,15,6,1982,10,1,
Scotland,New Zealand,Group Phase,La Rosaleda,Malaga,21:00,15,6,1982,5,2,
Germany FR,Algeria,Group Phase,El Molinon,Gijon,17:15,16,6,1982,1,2,
England,France,Group Phase,San Mames,Bilbao,17:15,16,6,1982,3,1,
Spain,Honduras,Group Phase,Luis Casanova,Valencia,21:00,16,6,1982,1,1,
Chile,Austria,Group Phase,Carlos Tartiere,Oviedo,17:15,17,6,1982,0,1,
Czechoslovakia,Kuwait,Group Phase,Jose Zorrilla,Valladolid,17:45,17,6,1982,1,1,
Yugoslavia,Northern Ireland,Group Phase,La Romareda,Zaragoza,21:00,17,6,1982,0,0,
Italy,Peru,Group Phase,Estadio Municipal de Balaídos,Vigo,17:15,18,6,1982,1,1,
Argentina,Hungary,Group Phase,Jose Rico Perez,Alicante,21:00,18,6,1982,4,1,
Brazil,Scotland,Group Phase,Benito Villamarin,Seville,21:00,18,6,1982,4,1,
Poland,Cameroon,Group Phase,Riazor,La CoruñA,19:15,19,6,1982,0,0,
Belgium,El Salvador,Group Phase,Nuevo Estadio,Elche,21:00,19,6,1982,1,0,
Soviet Union,New Zealand,Group Phase,La Rosaleda,Malaga,21:00,19,6,1982,3,0,
Germany FR,Chile,Group Phase,El Molinon,Gijon,17:15,20,6,1982,4,1,
England,Czechoslovakia,Group Phase,San Mames,Bilbao,17:15,20,6,1982,2,0,
Spain,Yugoslavia,Group Phase,Luis Casanova,Valencia,21:00,20,6,1982,2,1,
Algeria,Austria,Group Phase,Carlos Tartiere,Oviedo,17:15,21,6,1982,0,2,
France,Kuwait,Group Phase,Jose Zorrilla,Valladolid,17:15,21,6,1982,4,1,
Honduras,Northern Ireland,Group Phase,La Romareda,Zaragoza,21:00,21,6,1982,1,1,
Poland,Peru,Group Phase,Riazor,La CoruñA,17:15,22,6,1982,5,1,
Belgium,Hungary,Group Phase,Nuevo Estadio,Elche,21:00,22,6,1982,1,1,
Soviet Union,Scotland,Group Phase,La Rosaleda,Malaga,21:00,22,6,1982,2,2,
Italy,Cameroon,Group Phase,Estadio Municipal de Balaídos,Vigo,17:15,23,6,1982,1,1,
Argentina,El Salvador,Group Phase,Jose Rico Perez,Alicante,21:00,23,6,1982,2,0,
Brazil,New Zealand,Group Phase,Benito Villamarin,Seville,21:00,23,6,1982,4,0,
Algeria,Chile,Group Phase,Carlos Tartiere,Oviedo,17:15,24,6,1982,3,2,
France,Czechoslovakia,Group Phase,Jose Zorrilla,Valladolid,17:15,24,6,1982,1,1,
Honduras,Yugoslavia,Group Phase,La Romareda,Zaragoza,21:00,24,6,1982,0,1,
Germany FR,Austria,Group Phase,El Molinon,Gijon,17:15,25,6,1982,1,0,
England,Kuwait,Group Phase,San Mames,Bilbao,17:15,25,6,1982,1,0,
Northern Ireland,Spain,Group Phase,Luis Casanova,Valencia,21:00,25,6,1982,1,0,
Austria,France,Round of 16,Vicente Calderon,Madrid,17:15,28,6,1982,0,1,
Poland,Belgium,Round of 16,Camp Nou,Barcelona,21:00,28,6,1982,3,0,
Italy,Argentina,Round of 16,Sarria,Barcelona,17:15,29,6,1982,2,1,
Germany FR,England,Round of 16,Santiago Bernabeu,Madrid,21:00,29,6,1982,0,0,
Austria,Northern Ireland,Round of 16,Vicente Calderon,Madrid,17:15,1,7,1982,2,2,
Belgium,Soviet Union,Round of 16,Camp Nou,Barcelona,21:00,1,7,1982,0,1,
Argentina,Brazil,Round of 16,Sarria,Barcelona,17:15,2,7,1982,1,3,
Germany FR,Spain,Round of 16,Santiago Bernabeu,Madrid,21:00,2,7,1982,2,1,
France,Northern Ireland,Quarter Finals,Vicente Calderon,Madrid,17:15,4,7,1982,4,1,
Poland,Soviet Union,Quarter Finals,Camp Nou,Barcelona,21:00,4,7,1982,0,0,
Italy,Brazil,Quarter Finals,Sarria,Barcelona,17:15,5,7,1982,3,2,
Spain,England,Quarter Finals,Santiago Bernabeu,Madrid,21:00,5,7,1982,0,0,
Poland,Italy,Semi Finals,Camp Nou,Barcelona,17:15,8,7,1982,0,2,
Germany FR,France,Semi Finals,Ramon Sanchez Pizjuan,Seville,21:00,8,7,1982,3,3,Germany FR win on penalties (5 - 4)
Poland,France,Play-off for third place,Jose Rico Perez,Alicante,20:00,10,7,1982,3,2,
Italy,Germany FR,Finals,Santiago Bernabeu,Madrid,20:00,11,7,1982,3,1,
